TS,IFACE,rxpckps,txpckps,rxkBps,txkBps,rxcmps,txcmps,rxmcsts,ifutil
10:52:01,eth0,10279.12,1093.24,8648.81,240.58,0.00,0.00,1.10,7.09
10:54:01,eth0,10409.42,1057.79,8712.72,232.39,0.00,0.00,1.00,7.14
10:56:01,eth0,10027.47,982.13,8509.98,234.79,0.00,0.00,1.03,6.97
10:58:01,eth0,10433.83,1313.66,8727.92,289.35,0.00,0.00,1.05,7.15
11:00:01,eth0,9794.62,664.93,8522.37,140.12,0.00,0.00,1.04,6.98
11:02:01,eth0,10126.87,492.25,8790.00,102.11,0.00,0.00,1.01,7.20
11:04:01,eth0,9821.16,621.50,8587.17,130.96,0.00,0.00,1.00,7.03
11:06:01,eth0,10010.16,956.11,8479.47,209.59,0.00,0.00,1.20,6.95
11:08:01,eth0,9064.36,46.13,8100.64,10.32,0.00,0.00,1.00,6.64
11:10:01,eth0,9271.49,45.05,8295.06,9.40,0.00,0.00,1.03,6.80
11:12:01,eth0,9149.31,46.43,8203.71,10.64,0.00,0.00,1.07,6.72
11:14:01,eth0,9260.90,36.77,8320.31,8.43,0.00,0.00,1.03,6.82
11:16:01,eth0,9115.34,41.92,8110.19,9.01,0.00,0.00,1.03,6.64
11:18:01,eth0,9028.63,44.38,8142.87,10.27,0.00,0.00,1.10,6.67
11:20:01,eth0,9151.35,43.37,8207.75,9.21,0.00,0.00,1.09,6.72
11:22:01,eth0,9113.11,46.94,8201.84,10.79,0.00,0.00,1.01,6.72
11:24:01,eth0,9173.34,46.21,8170.47,10.48,0.00,0.00,1.00,6.69
11:26:01,eth0,9277.84,41.90,8217.14,9.03,0.00,0.00,1.03,6.73
11:28:01,eth0,9192.41,53.35,8310.58,11.69,0.00,0.00,1.07,6.81
11:30:01,eth0,9165.80,37.37,8277.76,8.05,0.00,0.00,1.03,6.78
11:32:01,eth0,9405.73,50.44,8406.46,11.32,0.00,0.00,1.16,6.89
11:34:01,eth0,9390.96,44.00,8415.68,9.25,0.00,0.00,1.06,6.89
11:36:01,eth0,9600.29,239.47,8452.63,47.44,0.00,0.00,1.04,6.92
11:38:01,eth0,12995.85,3535.86,9723.21,684.33,0.00,0.00,1.01,7.97
11:40:01,eth0,13122.30,3790.31,9270.12,748.97,0.00,0.00,1.03,7.59
11:42:01,eth0,13000.04,3720.39,9256.96,735.39,0.00,0.00,1.06,7.58
11:44:01,eth0,13178.56,3642.89,9562.78,714.42,0.00,0.00,1.00,7.83
11:46:01,eth0,13309.35,3444.28,10026.03,663.38,0.00,0.00,1.04,8.21
11:48:01,eth0,12997.14,3405.61,9829.44,657.31,0.00,0.00,1.15,8.05
11:50:01,eth0,13029.66,3500.55,9730.15,677.87,0.00,0.00,1.05,7.97
11:52:01,eth0,13143.91,3435.42,10016.16,661.85,0.00,0.00,1.02,8.21
11:54:01,eth0,13231.08,3566.51,9954.33,689.05,0.00,0.00,1.00,8.15
11:56:01,eth0,13574.24,3739.01,10492.53,676.84,0.00,0.00,1.11,8.60
11:58:01,eth0,13352.52,3019.80,11359.11,544.97,0.00,0.00,1.00,9.31
12:00:01,eth0,13069.21,3422.50,9904.87,657.07,0.00,0.00,1.03,8.11
12:02:01,eth0,13595.66,3552.93,10051.50,684.42,0.00,0.00,1.03,8.23
12:04:01,eth0,13317.58,3539.44,10103.53,676.68,0.00,0.00,1.03,8.28
12:06:01,eth0,13377.69,3533.31,10309.26,670.43,0.00,0.00,1.14,8.45
12:08:01,eth0,10868.27,1510.74,8983.09,288.87,0.00,0.00,1.00,7.36
12:10:01,eth0,9313.71,51.47,8266.79,10.36,0.00,0.00,1.09,6.77
12:12:01,eth0,9407.10,71.29,8273.24,22.39,0.00,0.00,1.05,6.78
12:14:01,eth0,9279.99,50.55,8162.94,10.12,0.00,0.00,0.99,6.69
12:16:01,eth0,9385.63,56.80,8179.06,11.02,0.00,0.00,1.04,6.70
12:18:01,eth0,9097.17,57.63,7981.83,11.80,0.00,0.00,1.17,6.54
12:20:01,eth0,9221.43,46.20,8090.84,10.00,0.00,0.00,1.03,6.63
12:22:01,eth0,9227.95,51.53,8121.39,11.39,0.00,0.00,1.00,6.65
12:24:01,eth0,9293.73,54.94,8196.02,10.78,0.00,0.00,1.06,6.71
12:26:01,eth0,9588.18,61.87,8344.67,12.74,0.00,0.00,1.01,6.84
12:28:01,eth0,9334.99,56.64,8286.85,11.36,0.00,0.00,1.00,6.79
12:30:01,eth0,9398.22,54.60,8301.76,10.96,0.00,0.00,1.00,6.80
12:32:01,eth0,9414.36,48.61,8190.78,10.90,0.00,0.00,1.07,6.71
12:34:01,eth0,9539.00,55.89,8310.08,10.95,0.00,0.00,1.01,6.81
12:36:01,eth0,9281.01,56.66,8101.23,11.08,0.00,0.00,0.99,6.64
12:38:01,eth0,11368.00,1936.99,8969.49,373.33,0.00,0.00,1.05,7.35
12:40:01,eth0,13117.22,3857.85,9223.24,757.35,0.00,0.00,1.02,7.56
12:42:01,eth0,13151.36,3925.26,9008.98,780.86,0.00,0.00,1.00,7.38
12:44:01,eth0,13398.73,3971.36,9230.04,783.72,0.00,0.00,1.01,7.56
12:46:01,eth0,13224.99,3607.05,9741.51,696.38,0.00,0.00,1.06,7.98
12:48:01,eth0,13321.68,3513.57,9934.31,677.69,0.00,0.00,1.10,8.14
12:50:01,eth0,13386.42,3631.16,9951.65,699.57,0.00,0.00,1.00,8.15
12:52:01,eth0,13436.51,3663.30,9945.68,708.87,0.00,0.00,1.07,8.15
12:54:01,eth0,13580.60,3688.96,10066.02,713.54,0.00,0.00,1.03,8.25
12:56:01,eth0,12146.46,2274.45,9810.72,431.17,0.00,0.00,0.99,8.04
12:58:01,eth0,9632.37,87.77,8436.98,29.82,0.00,0.00,1.00,6.91
13:00:01,eth0,9490.80,58.05,8381.13,12.04,0.00,0.00,1.06,6.87
13:02:01,eth0,9824.37,55.46,8530.27,12.70,0.00,0.00,1.02,6.99
13:04:01,eth0,9566.40,52.56,8428.32,11.17,0.00,0.00,1.00,6.90
13:06:01,eth0,9594.04,54.47,8481.12,10.68,0.00,0.00,1.09,6.95
13:08:01,eth0,9476.16,55.56,8437.90,11.58,0.00,0.00,1.06,6.91
13:10:01,eth0,9574.05,52.60,8519.81,10.42,0.00,0.00,1.00,6.98
13:12:01,eth0,9610.69,51.65,8499.97,11.32,0.00,0.00,1.05,6.96
13:14:01,eth0,9754.85,54.01,8532.66,10.87,0.00,0.00,1.06,6.99
13:16:01,eth0,9644.79,59.05,8414.98,11.21,0.00,0.00,1.01,6.89
13:18:01,eth0,9472.85,55.33,8312.81,11.56,0.00,0.00,1.09,6.81
13:20:01,eth0,9523.05,51.05,8428.34,10.21,0.00,0.00,1.00,6.90
13:22:01,eth0,9607.81,56.25,8453.23,12.85,0.00,0.00,1.08,6.92
13:24:01,eth0,9465.74,56.53,8318.95,11.20,0.00,0.00,1.00,6.81
13:26:01,eth0,10586.94,875.29,8776.19,169.12,0.00,0.00,1.00,7.19
13:28:01,eth0,13010.81,2642.25,10913.15,477.15,0.00,0.00,1.04,8.94
13:30:01,eth0,13189.53,3017.58,10279.76,569.50,0.00,0.00,1.02,8.42
13:32:01,eth0,13317.88,3359.03,10002.51,646.16,0.00,0.00,1.01,8.19
13:34:01,eth0,13003.48,3405.60,9723.38,654.08,0.00,0.00,1.00,7.97
13:36:01,eth0,13274.81,3415.33,10070.83,652.79,0.00,0.00,1.07,8.25
13:38:01,eth0,13336.60,3312.32,10253.00,633.79,0.00,0.00,1.00,8.40
13:40:01,eth0,11289.07,1635.20,9173.68,322.85,0.00,0.00,0.99,7.52
13:42:01,eth0,9372.95,63.24,8237.00,18.16,0.00,0.00,1.05,6.75
13:44:01,eth0,9421.79,52.91,8235.36,13.39,0.00,0.00,1.02,6.75
13:46:01,eth0,9415.54,56.23,8251.10,11.21,0.00,0.00,1.00,6.76
13:48:01,eth0,9211.30,57.46,8201.31,12.58,0.00,0.00,1.10,6.72
13:50:01,eth0,9274.69,76.82,8156.35,17.17,0.00,0.00,1.06,6.68
13:52:01,eth0,9364.40,52.54,8303.84,11.34,0.00,0.00,1.03,6.80
13:54:01,eth0,9269.49,51.42,8287.09,10.14,0.00,0.00,1.00,6.79
13:56:01,eth0,9220.49,53.23,8218.96,10.75,0.00,0.00,1.00,6.73
13:58:01,eth0,9304.03,59.83,8246.07,12.09,0.00,0.00,1.07,6.76
14:00:01,eth0,9617.27,57.79,8435.12,11.44,0.00,0.00,1.00,6.91
14:02:01,eth0,9881.20,57.54,8565.68,12.38,0.00,0.00,1.00,7.02
14:04:01,eth0,9503.46,55.81,8410.63,10.78,0.00,0.00,1.06,6.89
14:06:01,eth0,9299.14,55.70,8207.64,10.85,0.00,0.00,1.10,6.72
14:08:01,eth0,9184.61,54.67,8156.55,11.31,0.00,0.00,1.00,6.68
14:10:01,eth0,11192.01,1845.95,8921.99,354.93,0.00,0.00,1.01,7.31
14:12:01,eth0,13140.64,3891.60,9235.73,763.81,0.00,0.00,1.10,7.57
14:14:01,eth0,13133.76,3936.42,9172.53,776.53,0.00,0.00,1.00,7.51
14:16:01,eth0,13342.51,3857.51,9250.76,760.64,0.00,0.00,1.00,7.58
14:18:01,eth0,13345.34,3770.95,9752.61,728.68,0.00,0.00,1.17,7.99
14:20:01,eth0,13220.10,3681.99,9756.42,709.64,0.00,0.00,1.01,7.99
14:22:01,eth0,13116.30,3716.22,9565.06,718.18,0.00,0.00,0.99,7.84
14:24:01,eth0,13266.97,3726.56,9807.94,718.56,0.00,0.00,1.00,8.03
14:26:02,eth0,13119.81,3647.74,9603.39,705.30,0.00,0.00,1.07,7.87
14:28:01,eth0,11253.94,1952.93,9145.33,369.22,0.00,0.00,1.01,7.49
14:30:01,eth0,9163.90,53.34,8077.22,10.36,0.00,0.00,1.00,6.62
14:32:01,eth0,9530.66,55.56,8296.39,11.68,0.00,0.00,1.20,6.80
14:34:01,eth0,9489.12,56.15,8444.41,10.74,0.00,0.00,1.02,6.92
14:36:01,eth0,9329.02,53.16,8282.04,10.31,0.00,0.00,1.00,6.78
14:38:01,eth0,9185.58,56.24,8200.58,11.54,0.00,0.00,1.01,6.72
14:40:01,eth0,9243.92,53.28,8170.79,10.38,0.00,0.00,1.07,6.69
14:42:01,eth0,9227.14,56.42,8129.86,11.81,0.00,0.00,1.00,6.66
14:44:01,eth0,9177.37,51.92,8130.27,10.16,0.00,0.00,0.99,6.66
14:46:01,eth0,9091.13,49.30,8000.02,9.85,0.00,0.00,1.02,6.55
14:48:01,eth0,9052.65,53.90,8086.24,11.10,0.00,0.00,1.16,6.62
14:50:01,eth0,9243.00,52.55,8127.84,10.32,0.00,0.00,1.00,6.66
14:52:01,eth0,9043.15,53.05,8004.80,11.38,0.00,0.00,1.02,6.56
14:54:01,eth0,9082.73,50.05,8146.37,9.97,0.00,0.00,1.05,6.67
14:56:01,eth0,9145.58,48.50,8132.17,9.85,0.00,0.00,1.01,6.66
14:58:01,eth0,10924.03,1545.60,8978.54,298.60,0.00,0.00,1.01,7.36
15:00:01,eth0,13581.33,3013.97,11560.13,538.86,0.00,0.00,1.00,9.47
15:02:01,eth0,13319.84,3537.59,9910.90,680.67,0.00,0.00,1.07,8.12
15:04:01,eth0,13503.27,3587.88,10067.23,688.80,0.00,0.00,0.99,8.25
15:06:01,eth0,13350.84,3597.11,10052.59,688.16,0.00,0.00,1.09,8.24
15:08:01,eth0,13267.01,3680.20,9912.35,707.78,0.00,0.00,1.07,8.12
15:10:01,eth0,12308.16,2574.17,9835.07,485.06,0.00,0.00,1.01,8.06
15:12:01,eth0,9212.47,50.82,8198.30,11.16,0.00,0.00,1.04,6.72
15:14:01,eth0,9211.29,49.31,8172.73,10.00,0.00,0.00,1.00,6.70
15:16:01,eth0,9289.35,49.43,8201.03,9.98,0.00,0.00,1.07,6.72
15:18:01,eth0,9116.16,50.78,8032.75,10.88,0.00,0.00,1.10,6.58
15:20:01,eth0,9197.62,44.42,8191.45,9.35,0.00,0.00,1.00,6.71
15:22:01,eth0,9164.35,49.15,8131.17,10.97,0.00,0.00,1.05,6.66
15:24:01,eth0,9094.99,47.89,8064.75,9.74,0.00,0.00,1.02,6.61
15:26:01,eth0,9424.00,48.63,8357.01,9.91,0.00,0.00,1.00,6.85
15:28:01,eth0,9109.22,60.28,8096.52,12.38,0.00,0.00,1.00,6.63
15:30:01,eth0,9387.33,49.68,8317.03,10.05,0.00,0.00,1.07,6.81
15:32:01,eth0,9250.73,50.31,8175.86,11.13,0.00,0.00,1.00,6.70
15:34:01,eth0,9368.64,48.92,8254.70,9.91,0.00,0.00,1.00,6.76
15:36:01,eth0,9358.81,50.14,8310.33,10.05,0.00,0.00,1.03,6.81
15:38:01,eth0,9123.78,49.36,8109.21,10.70,0.00,0.00,1.03,6.64
15:40:01,eth0,10151.34,856.70,8615.70,165.34,0.00,0.00,1.00,7.06
15:42:01,eth0,13111.24,3774.80,9558.52,735.65,0.00,0.00,1.00,7.83
15:44:01,eth0,13014.28,3925.40,9101.83,774.82,0.00,0.00,1.06,7.46
15:46:01,eth0,13006.75,3923.25,9123.66,774.42,0.00,0.00,1.02,7.47
15:48:01,eth0,12820.47,3678.67,9378.05,716.79,0.00,0.00,1.09,7.68
15:50:01,eth0,13134.64,3598.45,9768.02,692.50,0.00,0.00,1.00,8.00
15:52:01,eth0,12815.73,3586.99,9561.20,692.24,0.00,0.00,1.09,7.83
15:54:01,eth0,12969.02,3729.46,9584.16,722.40,0.00,0.00,1.01,7.85
15:56:01,eth0,12884.64,3596.36,9683.55,692.56,0.00,0.00,1.00,7.93
15:58:01,eth0,12685.92,3330.04,9816.80,638.31,0.00,0.00,1.05,8.04
16:00:01,eth0,9192.19,36.52,8178.71,7.80,0.00,0.00,1.01,6.70
16:02:01,eth0,9602.28,44.50,8391.72,10.40,0.00,0.00,1.01,6.87
16:04:01,eth0,9189.33,46.40,8224.82,9.55,0.00,0.00,1.00,6.74
16:06:01,eth0,9338.27,44.28,8258.11,9.36,0.00,0.00,1.16,6.77
16:08:01,eth0,9033.99,47.73,8126.40,10.49,0.00,0.00,0.99,6.66
16:10:01,eth0,9119.73,44.10,8197.38,9.30,0.00,0.00,1.00,6.72
16:12:01,eth0,9108.99,44.75,8175.89,10.44,0.00,0.00,1.09,6.70
16:14:01,eth0,9125.36,43.21,8176.04,9.14,0.00,0.00,1.02,6.70
16:16:01,eth0,9020.11,43.34,8051.11,9.15,0.00,0.00,1.00,6.60
16:18:01,eth0,8968.38,46.08,8087.26,10.28,0.00,0.00,1.10,6.63
16:20:01,eth0,9166.23,41.23,8247.62,8.93,0.00,0.00,1.06,6.76
16:22:01,eth0,9114.54,46.28,8098.10,10.62,0.00,0.00,1.00,6.63
16:24:01,eth0,9114.56,42.54,8214.98,9.05,0.00,0.00,1.01,6.73
16:26:01,eth0,9064.07,44.76,8114.32,9.38,0.00,0.00,1.04,6.65
16:28:01,eth0,9189.31,135.42,8230.49,27.10,0.00,0.00,1.02,6.74
16:30:01,eth0,13280.10,3237.58,10897.29,598.30,0.00,0.00,0.99,8.93
16:32:01,eth0,13371.57,3373.89,10603.65,633.61,0.00,0.00,1.00,8.69
16:34:01,eth0,13186.62,3661.81,9971.05,703.18,0.00,0.00,1.07,8.17
16:36:01,eth0,13267.99,3703.32,10024.43,708.84,0.00,0.00,1.01,8.21
16:38:01,eth0,12956.13,3713.11,9798.37,714.75,0.00,0.00,1.00,8.03
16:40:01,eth0,13334.46,3568.17,10380.34,676.31,0.00,0.00,0.99,8.50
16:42:01,eth0,9254.17,187.85,8326.51,37.89,0.00,0.00,1.07,6.82
16:44:01,eth0,9010.93,42.00,8214.04,8.99,0.00,0.00,1.00,6.73
16:46:01,eth0,9015.38,40.40,8129.54,8.82,0.00,0.00,1.00,6.66
16:48:01,eth0,8828.01,44.62,7978.59,10.10,0.00,0.00,1.16,6.54
16:50:01,eth0,8905.01,41.38,8044.57,8.93,0.00,0.00,1.01,6.59
16:52:01,eth0,9102.90,43.52,8247.94,10.28,0.00,0.00,1.02,6.76
16:54:01,eth0,8967.89,41.23,8133.47,8.87,0.00,0.00,1.00,6.66
16:56:01,eth0,8821.09,39.63,8055.28,8.69,0.00,0.00,1.07,6.60
16:58:01,eth0,8792.16,44.65,8040.21,10.49,0.00,0.00,1.00,6.59
17:00:01,eth0,8962.81,40.09,8093.74,8.74,0.00,0.00,1.00,6.63
17:02:01,eth0,9224.64,43.00,8139.48,10.19,0.00,0.00,1.05,6.67
17:04:01,eth0,8956.30,45.73,8086.01,9.49,0.00,0.00,1.02,6.62
17:06:01,eth0,8970.81,40.78,8098.76,8.89,0.00,0.00,1.09,6.63
17:08:01,eth0,8726.61,41.60,7949.71,9.70,0.00,0.00,1.00,6.51
17:10:01,eth0,9007.28,38.02,8107.47,8.50,0.00,0.00,1.07,6.64
17:12:01,eth0,12609.19,3432.41,9546.06,664.93,0.00,0.00,1.04,7.82
17:14:01,eth0,12779.09,4010.81,8994.70,792.04,0.00,0.00,1.00,7.37
17:16:01,eth0,12621.21,3872.06,8895.73,764.83,0.00,0.00,1.04,7.29
17:18:01,eth0,12811.93,3834.60,9296.86,751.45,0.00,0.00,1.12,7.62
17:20:01,eth0,12991.48,3668.14,9791.42,707.64,0.00,0.00,1.00,8.02
17:22:01,eth0,12978.54,3694.10,9827.46,713.53,0.00,0.00,1.01,8.05
17:24:01,eth0,12932.43,3793.11,9565.90,735.38,0.00,0.00,1.06,7.84
17:26:01,eth0,12830.33,3607.63,9666.50,695.08,0.00,0.00,1.00,7.92
17:28:01,eth0,12808.83,3643.64,9838.31,697.89,0.00,0.00,1.00,8.06
17:30:01,eth0,9343.84,370.73,8317.35,72.31,0.00,0.00,1.00,6.81
17:32:01,eth0,9038.99,38.64,8239.51,9.65,0.00,0.00,1.07,6.75
17:34:01,eth0,8927.36,41.62,8126.36,9.17,0.00,0.00,0.99,6.66
17:36:01,eth0,8888.13,40.20,8110.53,8.51,0.00,0.00,1.00,6.64
17:38:01,eth0,8949.60,42.53,8189.33,9.79,0.00,0.00,1.06,6.71
17:40:01,eth0,9246.74,39.58,8296.35,8.72,0.00,0.00,1.02,6.80
17:42:01,eth0,9024.98,59.58,8200.44,13.12,0.00,0.00,1.00,6.72
17:44:02,eth0,8728.51,22.50,7908.60,5.69,0.00,0.00,0.99,6.48
17:46:01,eth0,8771.30,38.83,7926.71,8.60,0.00,0.00,1.07,6.49
17:48:01,eth0,8709.63,40.93,7938.16,9.60,0.00,0.00,1.10,6.50
17:50:01,eth0,8998.01,39.53,8175.96,8.72,0.00,0.00,1.01,6.70
17:52:01,eth0,8894.58,41.89,8080.84,10.03,0.00,0.00,1.08,6.62
17:54:01,eth0,8627.34,38.81,7853.02,8.58,0.00,0.00,1.01,6.43
17:56:01,eth0,8920.25,38.73,8049.86,8.58,0.00,0.00,0.99,6.59
17:58:01,eth0,8727.54,42.57,7993.94,10.15,0.00,0.00,1.00,6.55
18:00:01,eth0,12461.34,2978.64,9952.24,564.28,0.00,0.00,1.07,8.15
18:02:01,eth0,13404.63,3108.25,11189.70,567.10,0.00,0.00,1.00,9.17
18:04:01,eth0,12758.70,3455.68,9836.01,664.02,0.00,0.00,1.00,8.06
18:06:01,eth0,12817.06,3573.73,9727.41,688.00,0.00,0.00,1.12,7.97
18:08:01,eth0,12748.59,3581.96,9848.30,686.57,0.00,0.00,1.02,8.07
18:10:01,eth0,13000.67,3504.54,10175.86,665.11,0.00,0.00,1.01,8.34
18:12:01,eth0,10383.63,1339.15,8692.18,259.05,0.00,0.00,1.04,7.12
18:14:01,eth0,8794.73,37.01,8021.56,8.35,0.00,0.00,1.07,6.57
18:16:01,eth0,8878.67,41.23,8016.95,8.92,0.00,0.00,0.99,6.57
18:18:01,eth0,8739.39,37.28,7950.61,9.11,0.00,0.00,1.10,6.51
18:20:01,eth0,8775.29,37.40,8011.71,8.47,0.00,0.00,1.02,6.56
18:22:01,eth0,8691.27,39.02,7926.78,9.68,0.00,0.00,1.06,6.49
18:24:01,eth0,8930.66,38.94,8143.73,8.62,0.00,0.00,1.00,6.67
18:26:01,eth0,9073.19,37.98,8184.70,8.46,0.00,0.00,1.00,6.70
18:28:01,eth0,8932.55,47.71,8179.85,10.82,0.00,0.00,1.06,6.70
18:30:01,eth0,8837.51,40.64,7986.31,8.79,0.00,0.00,1.01,6.54
18:32:01,eth0,8914.53,41.17,8096.09,9.97,0.00,0.00,1.00,6.63
18:34:01,eth0,8929.90,38.16,8136.97,8.47,0.00,0.00,1.05,6.67
18:36:01,eth0,8933.38,40.54,8110.48,8.84,0.00,0.00,1.07,6.64
18:38:01,eth0,8759.13,43.31,7926.35,9.89,0.00,0.00,1.00,6.49
18:40:01,eth0,8956.50,41.43,8038.96,8.99,0.00,0.00,1.00,6.59
18:42:01,eth0,11294.68,2110.85,9002.05,407.50,0.00,0.00,1.06,7.37
18:44:01,eth0,12536.80,3799.08,8977.46,746.77,0.00,0.00,1.01,7.35
18:46:01,eth0,12701.71,3905.89,8918.68,771.39,0.00,0.00,1.00,7.31
18:48:01,eth0,12597.83,3731.75,8984.26,737.56,0.00,0.00,1.10,7.36
18:50:01,eth0,12595.33,3421.90,9453.50,661.94,0.00,0.00,1.07,7.74
18:52:01,eth0,12466.23,3331.50,9490.16,643.76,0.00,0.00,1.02,7.77
18:54:01,eth0,12463.17,3258.65,9621.49,627.36,0.00,0.00,1.00,7.88
18:56:01,eth0,12421.50,3282.08,9384.23,636.92,0.00,0.00,1.05,7.69
18:58:01,eth0,12698.03,3323.31,9684.41,641.46,0.00,0.00,1.06,7.93
19:00:01,eth0,12608.59,3242.74,9780.27,620.50,0.00,0.00,0.99,8.01
19:02:01,eth0,9785.58,569.05,8381.30,111.49,0.00,0.00,1.00,6.87
19:04:01,eth0,9122.59,41.73,8273.12,8.95,0.00,0.00,1.07,6.78
19:06:01,eth0,9008.47,40.14,8180.58,8.78,0.00,0.00,1.09,6.70
19:08:01,eth0,8948.31,42.83,8147.68,9.88,0.00,0.00,1.00,6.67
19:10:01,eth0,9024.26,39.15,8155.28,8.67,0.00,0.00,1.02,6.68
19:12:01,eth0,9019.40,42.31,8206.26,10.12,0.00,0.00,1.08,6.72
19:14:01,eth0,8986.08,40.26,8116.51,8.76,0.00,0.00,1.01,6.65
19:16:01,eth0,8930.49,42.01,8039.84,9.02,0.00,0.00,1.02,6.59
19:18:01,eth0,8680.63,43.26,7907.97,9.89,0.00,0.00,1.14,6.48
19:20:01,eth0,8805.60,37.97,7976.56,8.54,0.00,0.00,1.00,6.53
19:22:01,eth0,8823.08,40.83,8027.37,9.90,0.00,0.00,1.00,6.58
19:24:01,eth0,8951.85,39.47,8173.41,8.70,0.00,0.00,1.01,6.70
19:26:01,eth0,8929.81,36.97,8134.06,8.34,0.00,0.00,1.07,6.66
19:28:01,eth0,8868.83,48.91,8095.31,10.93,0.00,0.00,1.00,6.63
19:30:01,eth0,8795.72,39.45,7794.15,8.65,0.00,0.00,1.00,6.38
19:32:01,eth0,11705.31,2597.86,9185.07,501.17,0.00,0.00,1.05,7.52
19:34:01,eth0,12384.78,2333.79,11072.43,408.79,0.00,0.00,1.02,9.07
19:36:01,eth0,12694.36,3424.49,9656.87,658.56,0.00,0.00,1.00,7.91
19:38:01,eth0,12559.47,3385.53,9634.36,651.08,0.00,0.00,1.00,7.89
19:40:01,eth0,12763.46,3350.75,9804.27,641.30,0.00,0.00,1.07,8.03
19:42:01,eth0,12749.88,3427.13,9727.97,660.17,0.00,0.00,1.00,7.97
19:44:01,eth0,12513.15,2966.85,9951.85,560.86,0.00,0.00,1.00,8.15
19:46:01,eth0,8837.98,40.16,7969.61,8.73,0.00,0.00,1.05,6.53
19:48:01,eth0,8822.36,40.94,8025.07,9.61,0.00,0.00,1.12,6.57
19:50:01,eth0,9086.67,40.99,8161.08,8.91,0.00,0.00,1.00,6.69
19:52:01,eth0,9022.18,40.93,8199.99,9.94,0.00,0.00,1.02,6.72
19:54:01,eth0,8892.78,38.51,8115.49,8.75,0.00,0.00,1.07,6.65
19:56:01,eth0,8833.74,37.96,8026.95,8.27,0.00,0.00,1.00,6.58
19:58:01,eth0,8679.14,41.22,7887.77,9.87,0.00,0.00,1.00,6.46
20:00:01,eth0,9046.19,38.99,8076.30,8.62,0.00,0.00,1.03,6.62
20:02:01,eth0,10512.65,41.39,9449.19,10.20,0.00,0.00,1.04,7.74
20:04:01,eth0,9302.31,44.91,8435.05,9.12,0.00,0.00,0.99,6.91
20:06:01,eth0,8914.80,38.11,8095.71,8.52,0.00,0.00,1.09,6.63
20:08:01,eth0,8870.69,40.85,8080.20,9.62,0.00,0.00,1.06,6.62
20:10:01,eth0,9033.17,39.37,8166.76,8.72,0.00,0.00,1.02,6.69
20:12:01,eth0,8884.71,40.56,8077.79,9.88,0.00,0.00,1.04,6.62
20:14:01,eth0,8954.21,104.17,8106.40,21.08,0.00,0.00,0.99,6.64
20:16:02,eth0,12185.22,2798.88,9483.42,539.40,0.00,0.00,1.07,7.77
20:18:01,eth0,11898.59,3037.48,8870.06,600.67,0.00,0.00,1.10,7.27
20:20:01,eth0,12268.20,3220.35,9036.88,636.22,0.00,0.00,1.01,7.40
20:22:01,eth0,12170.05,3168.97,8972.84,626.93,0.00,0.00,1.06,7.35
20:24:01,eth0,12222.17,3075.53,9276.29,600.66,0.00,0.00,1.03,7.60
20:26:01,eth0,12323.23,3006.99,9527.18,580.17,0.00,0.00,1.00,7.80
20:28:01,eth0,12296.34,3097.93,9483.02,598.43,0.00,0.00,1.01,7.77
20:30:01,eth0,12311.96,3159.85,9370.54,610.91,0.00,0.00,1.07,7.68
20:32:01,eth0,12600.39,3213.24,9528.91,621.65,0.00,0.00,1.00,7.81
20:34:01,eth0,12334.79,3153.29,9509.97,607.84,0.00,0.00,1.00,7.79
20:36:01,eth0,12355.21,2973.07,9659.65,568.89,0.00,0.00,1.04,7.91
20:38:01,eth0,9031.22,63.54,8168.24,13.81,0.00,0.00,1.02,6.69
20:40:01,eth0,8991.41,40.90,8104.09,8.89,0.00,0.00,1.00,6.64
20:42:01,eth0,8971.88,42.86,8158.44,10.16,0.00,0.00,1.00,6.68
20:44:01,eth0,8925.30,38.32,8092.93,8.49,0.00,0.00,1.07,6.63
20:46:01,eth0,9263.04,37.93,8260.77,8.50,0.00,0.00,1.00,6.77
20:48:01,eth0,8948.99,41.37,8047.06,9.64,0.00,0.00,1.10,6.59
20:50:01,eth0,9189.00,37.41,8214.29,8.45,0.00,0.00,1.04,6.73
20:52:01,eth0,9055.27,41.03,8163.45,9.97,0.00,0.00,1.05,6.69
20:54:01,eth0,8885.73,38.48,8100.27,8.56,0.00,0.00,1.00,6.64
20:56:01,eth0,9029.02,35.90,8205.42,8.22,0.00,0.00,1.00,6.72
20:58:01,eth0,8828.36,42.17,8067.84,10.00,0.00,0.00,1.06,6.61
21:00:01,eth0,9055.14,39.66,8177.29,8.68,0.00,0.00,1.01,6.70
21:02:01,eth0,9338.92,42.10,8219.65,10.09,0.00,0.00,1.00,6.73
21:04:01,eth0,8936.23,39.08,8185.01,8.59,0.00,0.00,1.00,6.71
21:06:01,eth0,8971.83,44.44,8184.59,9.83,0.00,0.00,1.17,6.70
21:08:01,eth0,12138.09,2888.46,9656.84,551.98,0.00,0.00,0.99,7.91
21:10:01,eth0,12324.68,2273.29,10901.21,401.59,0.00,0.00,1.00,8.93
21:12:01,eth0,12450.61,3193.34,9612.08,615.79,0.00,0.00,1.10,7.87
21:14:01,eth0,12401.96,3143.06,9627.46,604.05,0.00,0.00,1.01,7.89
21:16:01,eth0,12503.51,3130.86,9685.80,599.11,0.00,0.00,1.01,7.93
21:18:01,eth0,12383.90,3113.17,9518.24,599.75,0.00,0.00,1.09,7.80
21:20:01,eth0,12474.85,2960.83,9984.92,559.96,0.00,0.00,1.07,8.18
21:22:01,eth0,9788.08,809.44,8496.49,157.83,0.00,0.00,1.00,6.96
21:24:01,eth0,9016.86,47.75,8232.49,10.44,0.00,0.00,1.01,6.74
21:26:01,eth0,9039.21,26.31,8201.82,6.25,0.00,0.00,1.05,6.72
21:28:01,eth0,8853.53,47.35,8142.37,10.79,0.00,0.00,1.01,6.67
21:30:01,eth0,9014.21,38.91,8192.27,8.59,0.00,0.00,1.00,6.71
21:32:01,eth0,9025.20,38.32,8138.15,9.59,0.00,0.00,1.00,6.67
21:34:01,eth0,9185.61,38.08,8258.97,8.52,0.00,0.00,1.07,6.77
21:36:01,eth0,8911.56,37.45,8101.55,8.39,0.00,0.00,1.00,6.64
21:38:01,eth0,8799.53,39.39,8025.50,9.43,0.00,0.00,1.00,6.57
21:40:01,eth0,8967.25,36.82,8155.53,8.35,0.00,0.00,1.03,6.68
21:42:01,eth0,8859.15,39.86,8114.69,9.79,0.00,0.00,1.02,6.65
21:44:01,eth0,8984.00,35.17,8195.17,8.11,0.00,0.00,1.01,6.71
21:46:01,eth0,8973.58,35.71,8158.53,8.20,0.00,0.00,1.00,6.68
21:48:01,eth0,8933.92,39.11,8189.72,9.39,0.00,0.00,1.17,6.71
21:50:01,eth0,9087.53,38.22,8224.23,8.55,0.00,0.00,0.99,6.74
21:52:01,eth0,11045.26,2043.24,8971.34,394.98,0.00,0.00,1.02,7.35
21:54:01,eth0,12096.76,3208.92,9059.39,630.33,0.00,0.00,1.01,7.42
21:56:01,eth0,11811.19,3018.22,8807.13,596.56,0.00,0.00,1.07,7.21
21:58:01,eth0,11836.01,3108.92,8794.01,615.20,0.00,0.00,1.00,7.20
22:00:01,eth0,12099.02,3064.86,9036.73,603.16,0.00,0.00,0.99,7.40
22:02:01,eth0,11995.98,2378.11,9403.71,460.37,0.00,0.00,1.06,7.70
22:04:01,eth0,10688.37,1628.87,8877.13,314.22,0.00,0.00,1.01,7.27
22:06:01,eth0,11004.65,2169.03,8741.46,419.78,0.00,0.00,1.09,7.16
22:08:01,eth0,10992.67,2412.40,8712.03,465.59,0.00,0.00,1.00,7.14
22:10:01,eth0,11902.69,2973.65,9113.27,577.73,0.00,0.00,1.07,7.47
22:12:01,eth0,10963.24,2026.34,8896.81,392.01,0.00,0.00,1.03,7.29
22:14:01,eth0,11524.27,2519.15,9156.53,486.13,0.00,0.00,1.00,7.50
22:16:01,eth0,11439.80,2257.92,9237.42,431.77,0.00,0.00,1.06,7.57
22:18:01,eth0,9898.61,1190.88,8452.88,230.24,0.00,0.00,1.11,6.92
22:20:01,eth0,9009.62,36.11,8247.31,8.28,0.00,0.00,1.01,6.76
22:22:01,eth0,8976.44,39.70,8198.41,9.75,0.00,0.00,0.99,6.72
22:24:01,eth0,8795.03,35.58,8100.97,8.14,0.00,0.00,1.07,6.64
22:26:01,eth0,8762.47,36.25,8022.02,8.28,0.00,0.00,1.00,6.57
22:28:01,eth0,8733.13,44.35,7999.28,10.05,0.00,0.00,1.00,6.55
22:30:01,eth0,8848.55,40.83,8118.09,9.11,0.00,0.00,1.06,6.65
22:32:01,eth0,8795.08,37.49,8048.33,9.47,0.00,0.00,1.01,6.59
22:34:01,eth0,8826.76,35.90,8080.01,8.21,0.00,0.00,1.00,6.62
22:36:01,eth0,8847.62,36.83,8075.44,8.31,0.00,0.00,1.00,6.62
22:38:01,eth0,8794.01,36.86,8007.89,9.08,0.00,0.00,1.07,6.56
22:40:01,eth0,8906.76,43.82,8122.83,9.82,0.00,0.00,1.01,6.65
22:42:02,eth0,8751.50,31.15,8027.17,8.13,0.00,0.00,1.17,6.58
22:44:01,eth0,8718.60,34.68,8033.32,8.06,0.00,0.00,1.00,6.58
22:46:01,eth0,8767.39,34.19,8028.68,8.01,0.00,0.00,1.06,6.58
22:48:01,eth0,10553.95,1598.82,8794.50,309.17,0.00,0.00,1.10,7.20
22:50:01,eth0,12096.56,2173.19,10949.11,378.41,0.00,0.00,1.00,8.97
22:52:01,eth0,12453.04,3278.65,9605.56,631.64,0.00,0.00,1.08,7.87
22:54:01,eth0,12376.35,3221.72,9619.20,619.49,0.00,0.00,1.00,7.88
22:56:01,eth0,12190.23,3103.10,9603.65,594.09,0.00,0.00,1.00,7.87
22:58:01,eth0,12490.74,3245.98,9604.38,625.86,0.00,0.00,1.01,7.87
23:00:01,eth0,12362.94,3064.29,9743.38,584.70,0.00,0.00,1.07,7.98
23:02:01,eth0,11865.57,1795.68,9626.83,342.50,0.00,0.00,1.00,7.89
23:04:01,eth0,8910.22,40.17,8162.51,8.78,0.00,0.00,0.99,6.69
23:06:01,eth0,8907.54,34.80,8126.98,8.12,0.00,0.00,1.16,6.66
23:08:01,eth0,8776.74,36.93,7953.88,9.13,0.00,0.00,1.01,6.52
23:10:01,eth0,8764.05,31.83,8016.68,7.73,0.00,0.00,1.00,6.57
23:12:01,eth0,8702.27,35.85,8003.43,9.28,0.00,0.00,1.04,6.56
23:14:01,eth0,8747.36,34.49,8029.99,8.01,0.00,0.00,1.07,6.58
23:16:01,eth0,8793.93,35.41,8069.70,8.15,0.00,0.00,1.00,6.61
23:18:01,eth0,8666.51,36.21,7963.94,9.01,0.00,0.00,1.10,6.52
23:20:01,eth0,8757.75,34.17,8082.68,8.04,0.00,0.00,1.05,6.62
23:22:01,eth0,8735.43,34.23,8078.94,9.08,0.00,0.00,1.02,6.62
23:24:01,eth0,8909.73,34.09,8193.45,8.00,0.00,0.00,1.01,6.71
23:26:01,eth0,8690.65,38.97,8003.60,9.07,0.00,0.00,0.99,6.56
23:28:01,eth0,8564.05,34.46,7926.99,8.30,0.00,0.00,1.07,6.49
23:30:01,eth0,8727.40,36.09,8014.81,8.44,0.00,0.00,1.00,6.57
23:32:01,eth0,10211.52,1301.63,8654.01,252.53,0.00,0.00,1.00,7.09
23:34:01,eth0,12785.69,3816.17,9372.42,746.59,0.00,0.00,1.04,7.68
23:36:01,eth0,12713.53,4072.60,8989.77,804.81,0.00,0.00,1.02,7.36
23:38:01,eth0,12604.16,4057.29,8938.31,802.04,0.00,0.00,1.00,7.32
23:40:01,eth0,12980.76,3766.68,9679.22,729.77,0.00,0.00,1.00,7.93
23:42:01,eth0,12821.73,3701.59,9720.86,715.27,0.00,0.00,1.07,7.96
23:44:01,eth0,12667.57,3682.25,9603.97,711.14,0.00,0.00,1.01,7.87
23:46:01,eth0,12647.43,3688.50,9503.55,713.40,0.00,0.00,1.00,7.79
23:48:01,eth0,12617.86,3691.64,9472.67,715.88,0.00,0.00,1.09,7.76
23:50:01,eth0,11209.61,2080.44,9336.84,393.95,0.00,0.00,1.07,7.65
23:52:01,eth0,8688.60,35.91,8057.71,9.30,0.00,0.00,1.03,6.60
23:54:01,eth0,8759.55,31.95,8106.09,7.68,0.00,0.00,1.00,6.64
23:56:01,eth0,12542.21,1317.38,13141.35,157.94,0.00,0.00,1.06,10.77
23:58:01,eth0,9753.19,351.29,9537.00,41.26,0.00,0.00,1.00,7.81
23:59:01,eth0,9694.72,275.35,9287.82,32.60,0.00,0.00,1.02,7.61
00:00:01,eth0,8927.13,31.98,8193.71,7.75,0.00,0.00,1.00,6.71